Listing_Title,Listing_Location,Listing_Price_CAD,Mileage_KM,Description,Listing_Url
FRONT BUMPER SPOILER LIP 3PC 2019-2020 TOYOTA COROLLA Sedan,Markham,150.00,,"FRONT BUMPER SPOILER LIP 3PC 2019-2020 TOYOTA COROLLA Sedan COMPATIBILITY: 2019 - 2020 Toyota Corolla ( Do Not Fit Hatchback/5DR ) *** For more detailed fitment list, Please check the 2nd picture *** ...",https://www.kijiji.ca/v-auto-body-parts/city-of-toronto/front-bumper-spoiler-lip-3pc-2019-2020-toyota-corolla-sedan/1524627958
2020 TOYOTA COROLLA FRONT BUMPER COVER,Mississauga / Peel Region,150.00,,"FRONT BUMPER COVER FOR 2020 TOYOTA COROLLA SE , XSE SEDAN OEM",https://www.kijiji.ca/v-auto-body-parts/mississauga-peel-region/2020-toyota-corolla-front-bumper-cover/1637836137
2020 Toyota Corolla Hatcher Front bumper ,Winnipeg,,,Oem Not painted,https://www.kijiji.ca/v-auto-body-parts/winnipeg/2020-toyota-corolla-hatcher-front-bumper/1650758915
"Bumper Front Toyota Corolla Sedan 2020-2023 Primed L/Le/Xle Model Japan Built Capa , To1000464C",Canada,305.00,,"Bumper Front Toyota Corolla Sedan 2020-2023 Primed L/Le/Xle Model Japan Built Capa , To1000464C 'bumper-painted-option', Category_Bumper (front), Toyota Corolla Sedan, Toyota Corolla Sedan 2020, Toyota Corolla Sedan 2021, Toyota Corolla Sedan 2022, Toyota Corolla Sedan 2023 BUMPER FR PRIMED L/LE/XLE MODEL JAPAN",https://www.kijiji.ca/v-auto-body-parts/canada/bumper-front-toyota-corolla-sedan-2020-2023-primed-l-le-xle-model-japan-built-capa-to1000464c/cas_28120705
"Bumper Front Toyota Corolla Sedan 2020-2023 Primed L/Le/Xle Model North American Built Capa , To1000459C",Canada,322.00,,"Bumper Front Toyota Corolla Sedan 2020-2023 Primed L/Le/Xle Model North American Built Capa , To1000459C 'bumper-painted-option', Category_Bumper (front), Toyota Corolla Sedan, Toyota Corolla Sedan 2020, Toyota Corolla Sedan 2021, Toyota Corolla Sedan 2022, Toyota Corolla Sedan 2023 BUMPER FR PRIMED L/LE/XLE MODEL",https://www.kijiji.ca/v-auto-body-parts/canada/bumper-front-toyota-corolla-sedan-2020-2023-primed-l-le-xle-model-north-american-built-capa-to1000459c/cas_27810823
"Bumper Retainer Front Passenger Side Outer Toyota Corolla Sedan 2020-2023 Plastic , To1043145U",Canada,39.00,,"Bumper Retainer Front Passenger Side Outer Toyota Corolla Sedan 2020-2023 Plastic , To1043145U Category_Bumper (front), Toyota Corolla Sedan, Toyota Corolla Sedan 2020, Toyota Corolla Sedan 2021, Toyota Corolla Sedan 2022, Toyota Corolla Sedan 2023 BUMPER RETAINER FR RH OUTER PLASTIC",https://www.kijiji.ca/v-auto-body-parts/canada/bumper-retainer-front-passenger-side-outer-toyota-corolla-sedan-2020-2023-plastic-to1043145u/cas_27074752
"Bumper Front Toyota Corolla Sedan 2020-2023 Primed L/Le/Xle Model Japan Built , To1000464U",Canada,207.00,,"Bumper Front Toyota Corolla Sedan 2020-2023 Primed L/Le/Xle Model Japan Built , To1000464U 'bumper-painted-option', Category_Bumper (front), Toyota Corolla Sedan, Toyota Corolla Sedan 2020, Toyota Corolla Sedan 2021, Toyota Corolla Sedan 2022, Toyota Corolla Sedan 2023 BUMPER FR PRIMED L/LE/XLE MODEL JAPAN BUILT",https://www.kijiji.ca/v-auto-body-parts/canada/bumper-front-toyota-corolla-sedan-2020-2023-primed-l-le-xle-model-japan-built-to1000464u/cas_27074439
"Bumper Extension Front Passenger Side Toyota Corolla Sedan 2020-2022 Ptd Dark Gray Se/Xse Model , To1047112U",Canada,73.00,,"Bumper Extension Front Passenger Side Toyota Corolla Sedan 2020-2022 Ptd Dark Gray Se/Xse Model , To1047112U Category_Bumper (front), Toyota Corolla Sedan, Toyota Corolla Sedan 2020, Toyota Corolla Sedan 2021, Toyota Corolla Sedan 2022 BUMPER EXTENSION FR RH PTD DARK GRAY SE/XSE MODEL",https://www.kijiji.ca/v-auto-body-parts/canada/bumper-extension-front-passenger-side-toyota-corolla-sedan-2020-2022-ptd-dark-gray-se-xse-model-to1047112u/cas_27074249
"Bumper Extension Front Driver Side Toyota Corolla Sedan 2020-2022 Ptd Dark Gray Se/Xse Model , To1046112U",Canada,73.00,,"Bumper Extension Front Driver Side Toyota Corolla Sedan 2020-2022 Ptd Dark Gray Se/Xse Model , To1046112U Category_Bumper (front), Toyota Corolla Sedan, Toyota Corolla Sedan 2020, Toyota Corolla Sedan 2021, Toyota Corolla Sedan 2022 BUMPER EXTENSION FR LH PTD DARK GRAY SE/XSE MODEL",https://www.kijiji.ca/v-auto-body-parts/canada/bumper-extension-front-driver-side-toyota-corolla-sedan-2020-2022-ptd-dark-gray-se-xse-model-to1046112u/cas_27074245
"Bumper Retainer Front Driver Side Outer Toyota Corolla Sedan 2020-2023 Plastic , To1042145U",Canada,39.00,,"Bumper Retainer Front Driver Side Outer Toyota Corolla Sedan 2020-2023 Plastic , To1042145U Category_Bumper (front), Toyota Corolla Sedan, Toyota Corolla Sedan 2020, Toyota Corolla Sedan 2021, Toyota Corolla Sedan 2022, Toyota Corolla Sedan 2023 BUMPER RETAINER FR LH OUTER PLASTIC",https://www.kijiji.ca/v-auto-body-parts/canada/bumper-retainer-front-driver-side-outer-toyota-corolla-sedan-2020-2023-plastic-to1042145u/cas_27074244
"Bumper Front Toyota Corolla Sedan 2020-2023 Primed Se/Xse Japan Built , To1000465U",Canada,229.00,,"Bumper Front Toyota Corolla Sedan 2020-2023 Primed Se/Xse Japan Built , To1000465U 'bumper-painted-option', Category_Bumper (front), Toyota Corolla Sedan, Toyota Corolla Sedan 2020, Toyota Corolla Sedan 2021, Toyota Corolla Sedan 2022, Toyota Corolla Sedan 2023 BUMPER FR PRIMED SE/XSE JAPAN BUILT",https://www.kijiji.ca/v-auto-body-parts/canada/bumper-front-toyota-corolla-sedan-2020-2023-primed-se-xse-japan-built-to1000465u/cas_27074074
"Bumper Front Toyota Corolla Sedan 2020-2023 Primed Se/Xse Japan Built Capa , To1000465C",Canada,369.00,,"Bumper Front Toyota Corolla Sedan 2020-2023 Primed Se/Xse Japan Built Capa , To1000465C 'bumper-painted-option', Category_Bumper (front), Toyota Corolla Sedan, Toyota Corolla Sedan 2020, Toyota Corolla Sedan 2021, Toyota Corolla Sedan 2022, Toyota Corolla Sedan 2023 BUMPER FR PRIMED SE/XSE JAPAN BUILT CAPA",https://www.kijiji.ca/v-auto-body-parts/canada/bumper-front-toyota-corolla-sedan-2020-2023-primed-se-xse-japan-built-capa-to1000465c/cas_27056316
"Bumper Front Toyota Corolla Sedan 2020-2022 Primed Se/Xse Model North American Built Capa , To1000460C",Canada,410.00,,"Bumper Front Toyota Corolla Sedan 2020-2022 Primed Se/Xse Model North American Built Capa , To1000460C 'bumper-painted-option', Category_Bumper (front), Toyota Corolla Sedan, Toyota Corolla Sedan 2020, Toyota Corolla Sedan 2021, Toyota Corolla Sedan 2022 BUMPER FR PRIMED SE/XSE MODEL NORTH AMERICAN BUILT CAPA",https://www.kijiji.ca/v-auto-body-parts/canada/bumper-front-toyota-corolla-sedan-2020-2022-primed-se-xse-model-north-american-built-capa-to1000460c/cas_27055338
"Bumper Rear Toyota Corolla Sedan 2020-2021 Primed Capa , TO1100353C",Canada,305.00,,"Bumper Rear Toyota Corolla Sedan 2020-2021 Primed Capa , TO1100353C 'bumper-painted-option', 2020-2021, Category_Bumper & Accs, Corolla Sedan, Toyota, Toyota-Corolla Sedan-2020, Toyota-Corolla Sedan-2021 Part number: TO1100353C 2020-2021 Toyota Corolla Sedan This rear bumper capa certified is tested for dimension",https://www.kijiji.ca/v-auto-body-parts/canada/bumper-rear-toyota-corolla-sedan-2020-2021-primed-capa-to1100353c/cas_22756903
"Absorber Bumper Upper Front Toyota Corolla Sedan 2020-2021 L/Le/Xle/Hybrid Model , TO1070235",Canada,72.00,,"Absorber Bumper Upper Front Toyota Corolla Sedan 2020-2021 L/Le/Xle/Hybrid Model , TO1070235 2020-2021, Category_Bumper & Accs, Corolla Sedan, Toyota, Toyota-Corolla Sedan-2020, Toyota-Corolla Sedan-2021 This OEM upper front bumper absorber for the Toyota Corolla Sedan 2020-2021 L/Le/Xle/Hybrid models is designed",https://www.kijiji.ca/v-auto-body-parts/canada/absorber-bumper-upper-front-toyota-corolla-sedan-2020-2021-l-le-xle-hybrid-model-to1070235/cas_22678746
"Absorber Bumper Upper Front Toyota Corolla Sedan 2020-2021 2.0L Se/Xse Model Us Built , TO1070237",Canada,72.00,,"Absorber Bumper Upper Front Toyota Corolla Sedan 2020-2021 2.0L Se/Xse Model Us Built , TO1070237 2020-2021, Category_Bumper & Accs, Corolla Sedan, Toyota, Toyota-Corolla Sedan-2020, Toyota-Corolla Sedan-2021 This premium quality upper front bumper absorber is an ideal replacement for your 2020-2021 Toyota Corolla",https://www.kijiji.ca/v-auto-body-parts/canada/absorber-bumper-upper-front-toyota-corolla-sedan-2020-2021-2-0l-se-xse-model-us-built-to1070237/cas_22677656
"Bumper Front Toyota Corolla Sedan 2020-2021 Primed L/Le/Xle Model Japan Built , TO1000464",Canada,298.00,,"Bumper Front Toyota Corolla Sedan 2020-2021 Primed L/Le/Xle Model Japan Built , TO1000464 'bumper-painted-option', 2020-2021, Category_Bumper & Accs, Corolla Sedan, Toyota, Toyota-Corolla Sedan-2020, Toyota-Corolla Sedan-2021 Part number: TO1000464 2020-2021 Toyota Corolla Sedan This front bumper fit and function",https://www.kijiji.ca/v-auto-body-parts/canada/bumper-front-toyota-corolla-sedan-2020-2021-primed-l-le-xle-model-japan-built-to1000464/cas_22677622
"Bumper Extension Toyota Corolla Sedan 2020-2021 Front Passenger Side Ptd Dark Gray Se/Xse Model , TO1047112",Canada,98.00,,"Bumper Extension Toyota Corolla Sedan 2020-2021 Front Passenger Side Ptd Dark Gray Se/Xse Model , TO1047112 2020-2021, Category_Bumper & Accs, Corolla Sedan, Toyota, Toyota-Corolla Sedan-2020, Toyota-Corolla Sedan-2021 Part number: TO1047112 2020-2021 Toyota Corolla Sedan This bumper Extension designed with ultimate",https://www.kijiji.ca/v-auto-body-parts/canada/bumper-extension-toyota-corolla-sedan-2020-2021-front-passenger-side-ptd-dark-gray-se-xse-model-to1047112/cas_22677438
Rebar Front Bumper reinforcement Toyota Corolla Sedan 2020 Hybrid Model,Canada,193.00,,"Rebar Front Bumper reinforcement Toyota Corolla Sedan 2020 Hybrid Model 2020, Category_Bumper & Accs, Corolla Sedan, Toyota, Toyota-Corolla Sedan-2020 Part number: TO1006264 2020 Toyota Corolla Sedan Bumper reinforcement bars are replacement brand for rusted or collision damaged rebar.Fit and function like oe",https://www.kijiji.ca/v-auto-body-parts/canada/rebar-front-bumper-reinforcement-toyota-corolla-sedan-2020-hybrid-model/cas_22676654
"Absorber Bumper Front Toyota Corolla Sedan 2020-2021 2.0L Se/Xse Model , TO1070238",Canada,72.00,,"Absorber Bumper Front Toyota Corolla Sedan 2020-2021 2.0L Se/Xse Model , TO1070238 2020-2021, Category_Bumper & Accs, Corolla Sedan, Toyota, Toyota-Corolla Sedan-2020, Toyota-Corolla Sedan-2021 Part number: TO1070238 2020-2021 Toyota Corolla Sedan Bumper absorber will absorb the impact energey in an accident.Bumper",https://www.kijiji.ca/v-auto-body-parts/canada/absorber-bumper-front-toyota-corolla-sedan-2020-2021-2-0l-se-xse-model-to1070238/cas_22676611
"Bumper Extension Toyota Corolla Sedan 2020-2021 Front Driver Side Ptd Dark Gray Se/Xse Model , TO1046112",Canada,98.00,,"Bumper Extension Toyota Corolla Sedan 2020-2021 Front Driver Side Ptd Dark Gray Se/Xse Model , TO1046112 2020-2021, Category_Bumper & Accs, Corolla Sedan, Toyota, Toyota-Corolla Sedan-2020, Toyota-Corolla Sedan-2021 Part number: TO1046112 2020-2021 Toyota Corolla Sedan This bumper Extension designed with ultimate",https://www.kijiji.ca/v-auto-body-parts/canada/bumper-extension-toyota-corolla-sedan-2020-2021-front-driver-side-ptd-dark-gray-se-xse-model-to1046112/cas_22676391
"Bumper Retainer Front Driver Side Outer Toyota Corolla Sedan 2020-2021 Plastic , TO1042145",Canada,38.00,,"Bumper Retainer Front Driver Side Outer Toyota Corolla Sedan 2020-2021 Plastic , TO1042145 2020-2021, Category_Bumper & Accs, Corolla Sedan, Toyota, Toyota-Corolla Sedan-2020, Toyota-Corolla Sedan-2021 Part Number: TO1042145Toyota Corolla Sedan Bumper Retainer Front Driver Side Outer Plastic 2020-2021, Toyota,",https://www.kijiji.ca/v-auto-body-parts/canada/bumper-retainer-front-driver-side-outer-toyota-corolla-sedan-2020-2021-plastic-to1042145/cas_22676262
"Bumper Front Toyota Corolla Sedan 2020-2021 Primed Se/Xse Model North American Built , TO1000460",Canada,269.00,,"Bumper Front Toyota Corolla Sedan 2020-2021 Primed Se/Xse Model North American Built , TO1000460 2020-2021, bumper-painted-option', Category_Bumper & Accs, Corolla Sedan, Toyota, Toyota-Corolla Sedan-2020, Toyota-Corolla Sedan-2021 Part number: TO1000460 2020-2021 Toyota Corolla Sedan This front bumper fit and",https://www.kijiji.ca/v-auto-body-parts/canada/bumper-front-toyota-corolla-sedan-2020-2021-primed-se-xse-model-north-american-built-to1000460/cas_22675647
"Bumper Front Toyota Corolla Sedan 2020-2021 Primed Se/Xse Japan Built , TO1000465",Canada,255.00,,"Bumper Front Toyota Corolla Sedan 2020-2021 Primed Se/Xse Japan Built , TO1000465 'bumper-painted-option', 2020-2021, Category_Bumper & Accs, Corolla Sedan, Toyota, Toyota-Corolla Sedan-2020, Toyota-Corolla Sedan-2021 Part number: TO1000465 2020-2021 Toyota Corolla Sedan This front bumper fit and function like",https://www.kijiji.ca/v-auto-body-parts/canada/bumper-front-toyota-corolla-sedan-2020-2021-primed-se-xse-japan-built-to1000465/cas_22675629
"Bumper Lower Rear Toyota Corolla Sedan 2020-2021 L/Le/Xle Model Usa Built Without Towith Japan Built With Tow Capa , TO1",Canada,196.00,,"Bumper Lower Rear Toyota Corolla Sedan 2020-2021 L/Le/Xle Model Usa Built Without Towith Japan Built With Tow Capa , TO1195122C 'bumper-painted-option', 2020-2021, Category_Bumper & Accs, Corolla Sedan, Toyota, Toyota-Corolla Sedan-2020, Toyota-Corolla Sedan-2021 Part number: TO1195122C 2020-2021 Toyota Corolla",https://www.kijiji.ca/v-auto-body-parts/canada/bumper-lower-rear-toyota-corolla-sedan-2020-2021-l-le-xle-model-usa-built-without-towith-japan-built-with-tow-capa-to1/cas_22674566
"Absorber Bumper Lower Front Toyota Corolla Sedan 2020-2021 1.8L L/Le/Xle/Hybrid , TO1070236",Canada,102.00,,"Absorber Bumper Lower Front Toyota Corolla Sedan 2020-2021 1.8L L/Le/Xle/Hybrid , TO1070236 2020-2021, Category_Bumper & Accs, Corolla Sedan, Toyota, Toyota-Corolla Sedan-2020, Toyota-Corolla Sedan-2021 Our Absorber Bumper Lower Front is designed for Toyota Corolla Sedan 2020-2021 1.8L L/Le/Xle/Hybrid. Crafted",https://www.kijiji.ca/v-auto-body-parts/canada/absorber-bumper-lower-front-toyota-corolla-sedan-2020-2021-1-8l-l-le-xle-hybrid-to1070236/cas_22673869
"Bumper Retainer Front Passenger Side Outer Toyota Corolla Sedan 2020-2021 Plastic , TO1043145",Canada,38.00,,"Bumper Retainer Front Passenger Side Outer Toyota Corolla Sedan 2020-2021 Plastic , TO1043145 2020-2021, Category_Bumper & Accs, Corolla Sedan, Toyota, Toyota-Corolla Sedan-2020, Toyota-Corolla Sedan-2021 Part Number: TO1043145Toyota Corolla Sedan Bumper Retainer Front Passenger Side Outer Plastic 2020-2021, Toyota,",https://www.kijiji.ca/v-auto-body-parts/canada/bumper-retainer-front-passenger-side-outer-toyota-corolla-sedan-2020-2021-plastic-to1043145/cas_22673471
"Bumper Front Toyota Corolla Sedan 2020-2021 Primed L/Le/Xle Model North American Built , TO1000459",Canada,312.00,,"Bumper Front Toyota Corolla Sedan 2020-2021 Primed L/Le/Xle Model North American Built , TO1000459 2020-2021, bumper-painted-option', Category_Bumper & Accs, Corolla Sedan, Toyota, Toyota-Corolla Sedan-2020, Toyota-Corolla Sedan-2021 Part number: TO1000459 2020-2021 Toyota Corolla Sedan This front bumper fit and",https://www.kijiji.ca/v-auto-body-parts/canada/bumper-front-toyota-corolla-sedan-2020-2021-primed-l-le-xle-model-north-american-built-to1000459/cas_22672812
2020-2023 Toyota Corolla Sedan Bumper Retainer Front Driver Side Outer Plastic - To1042145,Canada,42.00,,"OE replacement 2020-2023 toyota corolla bumper retainer for the front driver side outer plastic is a low-cost option to protect your car. this high-quality, durable bumper retainer is designed to the same specifications as the original part, ensuring a perfect fit and reliable performance. protect your car and",https://www.kijiji.ca/v-buy-sell-other/canada/2020-2023-toyota-corolla-sedan-bumper-retainer-front-driver-side-outer-plastic-to1042145/cas_27836570
2020-2022 Toyota Corolla Sedan Bumper Extension Front Passenger Side Ptd Dark Gray Se/Xse Model - To1047112,Canada,145.00,,OE replacement front passenger side bumper extension for the 2020-2022 toyota corolla se/xse models. this low-cost part helps protect your car from damage while maintaining its original aesthetic.,https://www.kijiji.ca/v-buy-sell-other/canada/2020-2022-toyota-corolla-sedan-bumper-extension-front-passenger-side-ptd-dark-gray-se-xse-model-to1047112/cas_27836522
2020-2023 Toyota Corolla Sedan License Plate Bracket Front With Mounting Bracket Se/Xse Model - To1068160,Canada,75.00,,"OE replacement license plate bracket for the 2020-2023 toyota corolla se/xse models. this low-cost bracket is designed to protect your car's front bumper and keep your license plate securely in place. with its sturdy mounting bracket, you can trust that your license plate won't rattle or fall off while driving.",https://www.kijiji.ca/v-buy-sell-other/canada/2020-2023-toyota-corolla-sedan-license-plate-bracket-front-with-mounting-bracket-se-xse-model-to1068160/cas_27829448
2020-2023 Toyota Corolla Sedan Bumper Front Primed Se/Xse Japan Built - To1000465,Canada,326.00,,OE replacement for the 2020-2023 toyota corolla bumper front primed se/xse japan built is a low-cost way to protect your car. this car part is designed to fit perfectly and provide the same quality as the original. it's an ideal choice for those who want to maintain their car's appearance and value without breaking,https://www.kijiji.ca/v-buy-sell-other/canada/2020-2023-toyota-corolla-sedan-bumper-front-primed-se-xse-japan-built-to1000465/cas_27829439
2020-2023 Toyota Corolla Sedan Bumper Front Primed L/Le/Xle Model North American Built - To1000459,Canada,400.00,,"OE replacement for the 2020-2023 toyota corolla bumper front primed l/le/xle model, north american built. this low-cost option will protect your vehicle while maintaining the sleek look of your ride.",https://www.kijiji.ca/v-buy-sell-other/canada/2020-2023-toyota-corolla-sedan-bumper-front-primed-l-le-xle-model-north-american-built-to1000459/cas_27829430
2020-2022 Toyota Corolla Sedan Bumper Extension Front Driver Side Ptd Dark Gray Se/Xse Model - To1046112,Canada,145.00,,"OE replacement for your 2020-2022 toyota corolla se/xse model bumper extension is now available. this low-cost option is perfect for protecting your car from any front-end damage. the front driver side bumper extension is designed to match the ptd dark gray color of your car, giving it an original look. get the",https://www.kijiji.ca/v-buy-sell-other/canada/2020-2022-toyota-corolla-sedan-bumper-extension-front-driver-side-ptd-dark-gray-se-xse-model-to1046112/cas_27829408
